名前,開催年,略称,収録場所,収録日
How's it going? SUMMER CONCERT 2003,2003,How's,さいたまスーパーアリーナ,2003/9/3
2004 嵐! いざッ、Now Tour!!,2004,いざッ、Now,横浜アリーナ,2004/8/3
ARASHI FIRST CONCERT 2006 in Taipei,2006,AAA,台北アリーナ (台湾),2006/9/17
ARASHI AROUND ASIA+ in DOME,2007,AAA+ in DOME,東京ドーム,2007/4/30
ARASHI SUMMER TOUR 2007 Time -コトバノチカラ-,2007,Time,東京ドーム,2007/10/8
ARASHI AROUND ASIA 2008 in TOKYO,2008,AAA 08,国立霞ヶ丘競技場,2008/9/6
ARASHI Anniversary Tour 5×10,2009,5×10,国立霞ヶ丘競技場,2009/8/29
"ARASHI 10-11 Tour ""Scene"" 〜君と僕の見ている風景〜 STADIUM",2010,僕の見ている風景 STADIUM,国立霞ヶ丘競技場,2010/9/3
"ARASHI 10-11 Tour ""Scene"" 〜君と僕の見ている風景〜 DOME",2011,僕の見ている風景 DOME,福岡Yahoo! JAPANドーム,2011/1/16
ARASHI LIVE TOUR Beautiful World,2011,Beautiful World,国立霞ヶ丘競技場,2011/9/3
アラフェス,2012,アラフェス,国立霞ヶ丘競技場,2012/9/20
ARASHI LIVE TOUR Popcorn,2012,Popcorn,東京ドーム,2012/12/15
アラフェス'13,2013,アラフェス'13,国立霞ヶ丘競技場,2013/9/22
"ARASHI Live Tour 2013 ""LOVE""",2013,LOVE,東京ドーム,2013/12/14
ARASHI BLAST in Hawaii,2014,BLAST in Hawaii,コオリナ・リゾート&マリーナ (ハワイ),2014/9/19
ARASHI LIVE TOUR 2014 THE DIGITALIAN,2014,DIGITALIAN,東京ドーム,2014/12/20
ARASHI BLAST in Miyagi,2015,BLAST in Miyagi,ひとめぼれスタジアム宮城,2015/9/23
ARASHI LIVE TOUR 2015 Japonism,2015,Japonism,東京ドーム,2015/12/27
"ARASHI ""Japonism Show"" in ARENA",2016,Japonism Show,横浜アリーナ,2016/8/10
ARASHI LIVE TOUR 2016-2017 Are You Happy?,2016,Are you Happy?,東京ドーム,2016/12/27
ARASHI LIVE TOUR 2017-2018「untitled」,2017,「untitled」,東京ドーム,2017/12/26
ARASHI Anniversary Tour 5×20,2018,5×20,東京ドーム,2018/12/25
ARASHI Anniversary Tour 5×20 and more,2019,5×20 and more,東京ドーム,2019/12/25
"ARASHI Anniversary Tour 5×20 FILM ""Record of Memories""",2019,Record of Memories,東京ドーム,2019/12/23
アラフェス2020 at 国立競技場,2020,アラフェス2020,国立競技場,2020/11/3
This is 嵐 LIVE 2020.12.31,2020,This is 嵐,東京ドーム,2020/12/31